"","species.m","animal","class.m","long.m","mass.m","BMR","noct.m","volant.m","fossorial.m","forage.m","BMR.q"
"1","Dicrostonyx_groenlandicus","Dicrostonyx_groenlandicus","Mammalia",-1.91221142562743,-0.606097208807184,0.861519698594201,"cathemeral","nonvolant","semifossorial","terrestrial","good"
"2","Didelphis_marsupialis","Didelphis_marsupialis","Mammalia",-1.56154838568239,0.548725877971438,-0.56710037473975,"nocturnal","nonvolant","nonfossorial","semiarboreal","good"
"3","Didelphis_virginiana","Didelphis_virginiana","Mammalia",-0.904336884032191,0.796101867066668,-0.932889906338009,"nocturnal","nonvolant","nonfossorial","semiarboreal","good"
"4","Diphylla_ecaudata","Diphylla_ecaudata","Mammalia",-0.624617455668887,-0.921110671344306,0.503604794225011,"nocturnal","volant","nonfossorial","terrestrial","good"
"5","Dipodomys_deserti","Dipodomys_deserti","Mammalia",-0.519459192486532,-0.398916369776374,0.132348954932664,"nocturnal","nonvolant","semifossorial","terrestrial","good"
"6","Dipodomys_heermanni","Dipodomys_heermanni","Mammalia",-0.571087891781195,-0.611706233193037,0.446496461269251,"nocturnal","nonvolant","semifossorial","terrestrial","good"
"7","Dipodomys_merriami","Dipodomys_merriami","Mammalia",-0.344443705913667,-0.772149293880589,0.422202086085011,"nocturnal","nonvolant","semifossorial","terrestrial","good"
"8","Dipodomys_ordii","Dipodomys_ordii","Mammalia",-0.31476807176745,-0.659956973852029,0.580404716257621,"nocturnal","nonvolant","semifossorial","terrestrial","good"
"9","Dasyurus_viverrinus","Dasyurus_viverrinus","Mammalia",-0.860929015698314,0.424149636248278,-0.592027159132747,"nocturnal","nonvolant","nonfossorial","terrestrial","good"
"10","Dendrolagus_matschiei","Dendrolagus_matschiei","Mammalia",1.13869359236344,1.11773503952665,-1.4298487740582,"cathemeral","nonvolant","nonfossorial","semiarboreal","good"
"11","Desmodillus_auricularis","Desmodillus_auricularis","Mammalia",-1.01888866088359,-0.676434352502909,0.504414333342033,"nocturnal","nonvolant","semifossorial","terrestrial","good"
"12","Desmodus_rotundus","Desmodus_rotundus","Mammalia",1.25798783672508,-0.858528516138241,0.188520720190499,"nocturnal","volant","nonfossorial","terrestrial","good"
"13","Dobsonia_moluccensis","Dobsonia_moluccensis","Mammalia",0.000855788285536009,0.0824282654639446,0.183188019278318,"nocturnal","volant","nonfossorial","volant","good"
"14","Echinops_telfairi","Echinops_telfairi","Mammalia",0.633136914887156,-0.237500105974029,0.445222961590611,"nocturnal","nonvolant","nonfossorial","semiarboreal","good"
"15","Echymipera_rufescens","Echymipera_rufescens","Mammalia",-2.00311950099756,0.474468694606687,-0.657494894511316,"nocturnal","nonvolant","nonfossorial","terrestrial","good"
"16","Elephantulus_intufi","Elephantulus_intufi","Mammalia",-0.405676147137574,-0.693685594946264,0.40513288674041,"diurnal","nonvolant","semifossorial","terrestrial","good"
"17","Elephantulus_rozeti","Elephantulus_rozeti","Mammalia",-0.777817503795875,-0.723092001940463,0.345854418337105,"diurnal","nonvolant","semifossorial","terrestrial","good"
"18","Elephantulus_rufescens","Elephantulus_rufescens","Mammalia",-0.64290770441566,-0.653567526525865,0.36220403996281,"diurnal","nonvolant","semifossorial","terrestrial","good"
"19","Elephas_maximus","Elephas_maximus","Mammalia",2.43269236147013,3.35530742534144,-2.10103721282983,"cathemeral","nonvolant","nonfossorial","terrestrial","good"
"20","Enhydra_lutris","Enhydra_lutris","Mammalia",1.14408898112534,1.58733608383156,-0.0747168165142593,"diurnal","nonvolant","nonfossorial","aquatic","good"
"21","Eptesicus_fuscus","Eptesicus_fuscus","Mammalia",0.633136914887156,-0.993378878413726,1.01993388593866,"nocturnal","volant","nonfossorial","volant","good"
"22","Equus_asinus","Equus_asinus","Mammalia",1.95008761218003,2.26832735253471,-1.68466913660853,"diurnal","nonvolant","nonfossorial","terrestrial","good"
"23","Erethizon_dorsatum","Erethizon_dorsatum","Mammalia",0.93601239763592,1.18301225421513,-1.23818152943334,"nocturnal","nonvolant","nonfossorial","semiarboreal","good"
"24","Erinaceus_europaeus","Erinaceus_europaeus","Mammalia",-0.0718621439593217,0.286799553567688,-0.591171434480344,"nocturnal","nonvolant","semifossorial","terrestrial","good"
"25","Erythrocebus_patas","Erythrocebus_patas","Mammalia",1.21246585664252,1.14477884055855,-0.84919644986613,"diurnal","nonvolant","nonfossorial","terrestrial","good"
"26","Eulemur_fulvus","Eulemur_fulvus","Mammalia",1.54205793694759,0.814026590837032,-1.88427821819164,"diurnal","nonvolant","nonfossorial","semiarboreal","good"
"27","Euphractus_sexcinctus","Euphractus_sexcinctus","Mammalia",0.852900885733482,0.972580783811041,-1.79276663364029,"cathemeral","nonvolant","semifossorial","terrestrial","good"
"28","Fossa_fossana","Fossa_fossana","Mammalia",0.806099653892186,0.55111926728965,-0.718315544338177,"nocturnal","nonvolant","nonfossorial","semiarboreal","good"
"29","Funisciurus_anerythrus","Funisciurus_anerythrus","Mammalia",-0.300154324607657,-0.167132039003929,0.837703143734658,"diurnal","nonvolant","nonfossorial","semiarboreal","good"
"30","Galago_demidoff","Galago_demidoff","Mammalia",0.125403567402153,-0.641112640187236,0.359752148999445,"nocturnal","nonvolant","nonfossorial","arboreal","good"
"31","Galago_moholi","Galago_moholi","Mammalia",0.436786649814047,-0.247849634338873,-0.00180448073637418,"nocturnal","nonvolant","nonfossorial","arboreal","good"
"32","Galea_musteloides","Galea_musteloides","Mammalia",-1.8266540668859,-0.0061242065510417,0.0679082013162629,"diurnal","nonvolant","semifossorial","terrestrial","good"
"33","Galerella_sanguinea","Galerella_sanguinea","Mammalia",0.0358949681775945,0.137838176103971,0.0267043554108997,"diurnal","nonvolant","nonfossorial","terrestrial","good"
"34","Genetta_tigrina","Genetta_tigrina","Mammalia",0.799289076555856,0.612492258614287,-0.616558952332569,"nocturnal","nonvolant","nonfossorial","semiarboreal","good"
"35","Geocapromys_brownii","Geocapromys_brownii","Mammalia",0.136214439530096,0.541450710317178,-1.03722845571235,"nocturnal","nonvolant","semifossorial","terrestrial","good"
"36","Geomys_bursarius","Geomys_bursarius","Mammalia",-0.0350486434041453,-0.244297984649652,-0.105329327546626,"cathemeral","nonvolant","fossorial","terrestrial","good"
"37","Gerbilliscus_afra","Gerbilliscus_afra","Mammalia",-1.11750648709982,-0.560114277577642,0.877568154981925,"nocturnal","nonvolant","semifossorial","terrestrial","good"
"38","Gerbillus_gerbillus","Gerbillus_gerbillus","Mammalia",-1.06736166955757,-0.895763796936726,0.676315201869665,"nocturnal","nonvolant","semifossorial","terrestrial","good"
"39","Gerbillus_perpallidus","Gerbillus_perpallidus","Mammalia",-1.1694425652357,-0.708094655897727,0.193151495797123,"nocturnal","nonvolant","semifossorial","terrestrial","good"
"40","Gerbillus_pyramidum","Gerbillus_pyramidum","Mammalia",-0.588713023979206,-0.818715837561694,0.282180573099766,"nocturnal","nonvolant","semifossorial","terrestrial","good"
"41","Glossophaga_soricina","Glossophaga_soricina","Mammalia",-0.161568023640461,-1.29937633114993,1.1689688224939,"nocturnal","volant","nonfossorial","volant","good"
"42","Graphiurus_murinus","Graphiurus_murinus","Mammalia",-0.839701549602947,-0.977743158689953,0.342460748131727,"nocturnal","nonvolant","nonfossorial","semiarboreal","good"
"43","Gulo_gulo","Gulo_gulo","Mammalia",0.670906716432409,1.41866840549299,-0.567459950860553,"cathemeral","nonvolant","nonfossorial","terrestrial","good"
"44","Acinonyx_jubatus","Acinonyx_jubatus","Mammalia",0.743624648677266,1.85456054237952,-1.29682754124305,"diurnal","nonvolant","nonfossorial","terrestrial","good"
"45","Acomys_cahirinus","Acomys_cahirinus","Mammalia",-1.06736166955757,-0.745173219636782,0.392704885177748,"nocturnal","nonvolant","nonfossorial","terrestrial","good"
"46","Ailurus_fulgens","Ailurus_fulgens","Mammalia",0.633136914887156,0.930490865522887,-1.77784040473234,"cathemeral","nonvolant","nonfossorial","terrestrial","good"
"47","Alouatta_palliata","Alouatta_palliata","Mammalia",0.972825898191096,1.1073855111618,-0.616107691090168,"diurnal","nonvolant","nonfossorial","arboreal","good"
"48","Ammospermophilus_leucurus","Ammospermophilus_leucurus","Mammalia",-0.135368114756647,-0.435518775377873,0.32156511483158,"diurnal","nonvolant","semifossorial","terrestrial","good"
"49","Antechinomys_laniger","Antechinomys_laniger","Mammalia",-1.8266540668859,-0.977743158689953,0.273053170655978,"nocturnal","nonvolant","nonfossorial","terrestrial","good"
"50","Antechinus_flavipes","Antechinus_flavipes","Mammalia",-1.66930549781931,-0.746802419473009,0.25826996983635,"nocturnal","nonvolant","nonfossorial","arboreal","good"
"51","Antechinus_stuartii","Antechinus_stuartii","Mammalia",-1.19612323312638,-0.927730381267165,0.282180573099766,"nocturnal","nonvolant","nonfossorial","arboreal","good"
"52","Antechinus_swainsonii","Antechinus_swainsonii","Mammalia",-1.91221142562743,-0.781002347830086,0.233440233613513,"diurnal","nonvolant","nonfossorial","terrestrial","good"
"53","Antilocapra_americana","Antilocapra_americana","Mammalia",0.337092713254156,1.79986856827217,-1.11346806599568,"cathemeral","nonvolant","nonfossorial","terrestrial","good"
"54","Antrozous_pallidus","Antrozous_pallidus","Mammalia",0.269896669733984,-1.03031611344898,0.104611702243793,"nocturnal","volant","nonfossorial","volant","good"
"55","Aotus_trivirgatus","Aotus_trivirgatus","Mammalia",1.30212782108218,0.310509971100234,-0.591266920151829,"nocturnal","nonvolant","nonfossorial","arboreal","good"
"56","Apodemus_flavicollis","Apodemus_flavicollis","Mammalia",-1.46122891432989,-0.903185947573943,0.940854268715196,"nocturnal","nonvolant","semifossorial","terrestrial","good"
"57","Apodemus_sylvaticus","Apodemus_sylvaticus","Mammalia",-0.971979573417648,-0.987044515271037,0.940854268715196,"nocturnal","nonvolant","semifossorial","terrestrial","good"
"58","Arctictis_binturong","Arctictis_binturong","Mammalia",1.14408898112534,1.31297937597117,-2.50528463777129,"nocturnal","nonvolant","nonfossorial","arboreal","good"
"59","Arctocebus_calabarensis","Arctocebus_calabarensis","Mammalia",0.0813379041676665,-0.105953550795631,-0.203170929334711,"nocturnal","nonvolant","nonfossorial","arboreal","good"
"60","Arctogalidia_trivirgata","Arctogalidia_trivirgata","Mammalia",0.392316651701023,0.690412087780895,-1.13322504730607,"nocturnal","nonvolant","nonfossorial","arboreal","good"
"61","Artibeus_jamaicensis","Artibeus_jamaicensis","Mammalia",0.648362767129867,-0.770403998622002,0.537292583649047,"nocturnal","volant","nonfossorial","volant","good"
"62","Atelerix_albiventris","Atelerix_albiventris","Mammalia",-0.109631945504573,0.137838176103971,-0.933472105488638,"nocturnal","nonvolant","semifossorial","terrestrial","good"
"63","Baiomys_taylori","Baiomys_taylori","Mammalia",-1.91221142562743,-1.38135569290316,1.03697116680894,"crepuscular","nonvolant","nonfossorial","terrestrial","good"
"64","Bassariscus_sumichrasti","Bassariscus_sumichrasti","Mammalia",0.972825898191096,0.353781569278178,-0.487053881460151,"nocturnal","nonvolant","nonfossorial","arboreal","good"
"65","Bettongia_penicillata","Bettongia_penicillata","Mammalia",0.617749939523555,0.541450710317178,-0.442780123656008,"nocturnal","nonvolant","semifossorial","terrestrial","good"
"66","Blarina_brevicauda","Blarina_brevicauda","Mammalia",-2.50178023789217,-1.01645092226524,1.28995197723288,"cathemeral","nonvolant","semifossorial","terrestrial","good"
"67","Burramys_parvus","Burramys_parvus","Mammalia",-0.0350486434041453,-0.746802419473009,0.084136130189324,"nocturnal","nonvolant","semifossorial","semiarboreal","good"
"68","Callimico_goeldii","Callimico_goeldii","Mammalia",0.859465481998725,0.176178371903721,-0.476227075002817,"diurnal","nonvolant","nonfossorial","semiarboreal","good"
"69","Callithrix_jacchus","Callithrix_jacchus","Mammalia",0.898242596090668,-0.109249781646832,-0.643036613545968,"diurnal","nonvolant","nonfossorial","arboreal","good"
"70","Callithrix_pygmaea","Callithrix_pygmaea","Mammalia",0.602198394457668,-0.374415028448576,0.217465409719566,"diurnal","nonvolant","nonfossorial","arboreal","good"
"71","Caluromys_derbianus","Caluromys_derbianus","Mammalia",-0.502649113898986,-0.0148155335549773,-0.330613934364369,"nocturnal","nonvolant","nonfossorial","arboreal","good"
"72","Camelus_dromedarius","Camelus_dromedarius","Mammalia",1.21759480588636,2.62362848911537,-2.25695754216662,"diurnal","nonvolant","nonfossorial","terrestrial","good"
"73","Canis_latrans","Canis_latrans","Mammalia",0.83302737906032,1.34180858887806,-1.1578742225709,"nocturnal","nonvolant","semifossorial","terrestrial","good"
"74","Canis_lupus","Canis_lupus","Mammalia",0.750700359004803,1.59818861451691,-1.26032675764194,"nocturnal","nonvolant","semifossorial","terrestrial","good"
"75","Canis_mesomelas","Canis_mesomelas","Mammalia",0.445519742750537,1.24749383467603,-0.500297357161707,"cathemeral","nonvolant","nonfossorial","terrestrial","good"
"76","Cannomys_badius","Cannomys_badius","Mammalia",-1.36738631606062,0.23422659880866,-0.476976533454228,"crepuscular","nonvolant","semifossorial","terrestrial","good"
"77","Capreolus_capreolus","Capreolus_capreolus","Mammalia",0.513558147365813,1.52248029380451,-0.743389389390979,"crepuscular","nonvolant","nonfossorial","terrestrial","good"
"78","Capromys_pilorides","Capromys_pilorides","Mammalia",0.168172991992295,0.959731266985056,-1.32950792225306,"diurnal","nonvolant","nonfossorial","arboreal","good"
"79","Carollia_perspicillata","Carollia_perspicillata","Mammalia",0.471408656958158,-1.15041495368622,1.10554822821938,"nocturnal","volant","nonfossorial","volant","good"
"80","Castor_canadensis","Castor_canadensis","Mammalia",0.93601239763592,1.49763715620731,-1.02024349248677,"nocturnal","nonvolant","nonfossorial","terrestrial","good"
"81","Cavia_porcellus","Cavia_porcellus","Mammalia",-0.0350486434041453,0.275861740111571,-0.370426614703075,"crepuscular","nonvolant","semifossorial","terrestrial","good"
"82","Cercartetus_nanus","Cercartetus_nanus","Mammalia",-0.257174182590439,-0.790074017650953,0.121766960641534,"nocturnal","nonvolant","nonfossorial","arboreal","good"
"83","Cercopithecus_mitis","Cercopithecus_mitis","Mammalia",1.63333832203758,1.19971440127988,-0.722353116237444,"diurnal","nonvolant","nonfossorial","arboreal","good"
"84","Cerdocyon_thous","Cerdocyon_thous","Mammalia",0.0473895387326148,1.08015943081036,-1.11342581414805,"nocturnal","nonvolant","nonfossorial","terrestrial","good"
"85","Cervus_elaphus","Cervus_elaphus","Mammalia",1.36823264083407,2.33900615360635,-1.11348215030561,"diurnal","nonvolant","nonfossorial","terrestrial","good"
"86","Chaetodipus_fallax","Chaetodipus_fallax","Mammalia",-0.571087891781195,-1.06941659107662,0.634466633837817,"nocturnal","nonvolant","semifossorial","terrestrial","good"
"87","Chaetophractus_vellerosus","Chaetophractus_vellerosus","Mammalia",0.401320120733608,0.328434694870598,-1.11363708961974,"cathemeral","nonvolant","semifossorial","terrestrial","good"
"88","Chaetophractus_villosus","Chaetophractus_villosus","Mammalia",1.04376950977284,0.796101867066668,-1.61151845798394,"cathemeral","nonvolant","semifossorial","terrestrial","good"
"89","Cheirogaleus_medius","Cheirogaleus_medius","Mammalia",0.923531157026756,0.0370144806859514,-0.185985095960562,"nocturnal","nonvolant","nonfossorial","arboreal","good"
"90","Chinchilla_lanigera","Chinchilla_lanigera","Mammalia",0.48841534910871,0.229962907305423,-0.412581145902027,"nocturnal","nonvolant","semifossorial","terrestrial","good"
"91","Chironectes_minimus","Chironectes_minimus","Mammalia",-2.00311950099756,0.261452679160108,-0.729171789802021,"nocturnal","nonvolant","semifossorial","terrestrial","good"
"92","Choloepus_hoffmanni","Choloepus_hoffmanni","Mammalia",1.60223434239046,1.06575036985889,-1.55187181600385,"nocturnal","nonvolant","nonfossorial","arboreal","good"
"93","Coendou_prehensilis","Coendou_prehensilis","Mammalia",1.1223862557994,0.892490289771357,-1.11357299843826,"nocturnal","nonvolant","nonfossorial","arboreal","good"
"94","Colobus_guereza","Colobus_guereza","Mammalia",1.52143268896105,1.23658063738535,-1.09400715349963,"diurnal","nonvolant","nonfossorial","arboreal","good"
"95","Condylura_cristata","Condylura_cristata","Mammalia",-2.31590340779814,-0.671080757426518,1.17855241892184,"cathemeral","nonvolant","fossorial","terrestrial","good"
"96","Conilurus_penicillatus","Conilurus_penicillatus","Mammalia",-1.46122891432989,-0.319479467727255,-0.0169993075046287,"nocturnal","nonvolant","nonfossorial","semiarboreal","good"
"97","Connochaetes_taurinus","Connochaetes_taurinus","Mammalia",0.990888932998349,2.26721683075985,-1.43033806454593,"diurnal","nonvolant","nonfossorial","terrestrial","good"
"98","Cricetomys_gambianus","Cricetomys_gambianus","Mammalia",-0.553673844087147,0.541450710317178,-0.256896280238019,"nocturnal","nonvolant","semifossorial","terrestrial","good"
"99","Cricetus_cricetus","Cricetus_cricetus","Mammalia",-1.78569204539112,0.142728429174128,-0.204777219574346,"crepuscular","nonvolant","semifossorial","terrestrial","good"
"100","Crocidura_flavescens","Crocidura_flavescens","Mammalia",-2.50178023789217,-0.746802419473009,0.607821115326023,"cathemeral","nonvolant","semifossorial","terrestrial","good"
"101","Crocidura_leucodon","Crocidura_leucodon","Mammalia",-2.10009246775897,-1.26436089976988,1.31779744005749,"cathemeral","nonvolant","semifossorial","terrestrial","good"
"102","Crocidura_suaveolens","Crocidura_suaveolens","Mammalia",-2.20399777472162,-1.39539755346324,1.46190732161719,"cathemeral","nonvolant","semifossorial","terrestrial","good"
"103","Cryptomys_damarensis","Cryptomys_damarensis","Mammalia",0.337092713254156,-0.237500105974029,-0.33220693004704,"cathemeral","nonvolant","fossorial","terrestrial","good"
"104","Cryptotis_parva","Cryptotis_parva","Mammalia",-1.8266540668859,-1.59273525147471,1.51387788771566,"cathemeral","nonvolant","semifossorial","terrestrial","good"
"105","Cuniculus_paca","Cuniculus_paca","Mammalia",0.410268183452127,1.19971440127988,-1.03751956708053,"nocturnal","nonvolant","semifossorial","terrestrial","good"
"106","Cynomys_ludovicianus","Cynomys_ludovicianus","Mammalia",-0.161568023640461,0.435760931031405,-0.777264309362997,"diurnal","nonvolant","semifossorial","arboreal","good"
"107","Cynopterus_brachyotis","Cynopterus_brachyotis","Mammalia",-0.285685990278927,-0.746802419473009,0.545106750932576,"nocturnal","volant","nonfossorial","volant","good"
"108","Dasycercus_cristicauda","Dasycercus_cristicauda","Mammalia",-0.737977871861259,-0.402097203161519,-0.42934262570101,"cathemeral","nonvolant","semifossorial","terrestrial","good"
"109","Dasyprocta_azarae","Dasyprocta_azarae","Mammalia",-0.0594871279623244,0.750526913625858,-0.498029776374308,"diurnal","nonvolant","nonfossorial","terrestrial","good"
"110","Dasyprocta_leporina","Dasyprocta_leporina","Mammalia",0.538273568521915,0.827199991375506,-0.312381598330674,"diurnal","nonvolant","nonfossorial","terrestrial","good"
"111","Dasypus_novemcinctus","Dasypus_novemcinctus","Mammalia",0.866000574360977,1.01878643948572,-1.28300839166525,"cathemeral","nonvolant","semifossorial","terrestrial","good"
"112","Dasyuroides_byrnei","Dasyuroides_byrnei","Mammalia",-0.624617455668887,-0.435518775377873,-0.106653599128957,"nocturnal","nonvolant","semifossorial","terrestrial","good"
"113","Dasyurus_geoffroii","Dasyurus_geoffroii","Mammalia",-0.995244959402316,0.349676677847005,-0.667452131091986,"nocturnal","nonvolant","nonfossorial","terrestrial","good"
"114","Dasyurus_hallucatus","Dasyurus_hallucatus","Mammalia",-1.06736166955757,0.155762899874334,-0.45411443074575,"nocturnal","nonvolant","nonfossorial","terrestrial","good"
"115","Dasyurus_maculatus","Dasyurus_maculatus","Mammalia",-0.860929015698314,1.01878643948572,-0.93261505286215,"nocturnal","nonvolant","nonfossorial","terrestrial","good"
"116","Heliosciurus_rufobrachium","Heliosciurus_rufobrachium","Mammalia",-0.502649113898986,-0.0187328406261911,-0.311995516942429,"crepuscular","nonvolant","nonfossorial","semiarboreal","good"
"117","Hemiechinus_auritus","Hemiechinus_auritus","Mammalia",-0.699200757769315,-0.00169328288933154,-0.778393137183561,"nocturnal","nonvolant","semifossorial","terrestrial","good"
"118","Herpestes_javanicus","Herpestes_javanicus","Mammalia",0.436786649814047,0.310509971100234,-0.171062021833253,"cathemeral","nonvolant","nonfossorial","terrestrial","good"
"119","Heterocephalus_glaber","Heterocephalus_glaber","Mammalia",1.3449672548494,-0.83913130959108,-0.163765412403642,"cathemeral","nonvolant","fossorial","terrestrial","good"
"120","Hyaena_hyaena","Hyaena_hyaena","Mammalia",1.03218334804881,1.74772447835414,-1.68187906905637,"nocturnal","nonvolant","nonfossorial","terrestrial","good"
"121","Hydrochoerus_hydrochaeris","Hydrochoerus_hydrochaeris","Mammalia",0.299076022226522,1.86471927148742,-1.23927767241164,"crepuscular","nonvolant","nonfossorial","terrestrial","good"
"122","Hydromys_chrysogaster","Hydromys_chrysogaster","Mammalia",-0.757761246465401,0.33278248479723,-0.299373604733826,"cathemeral","nonvolant","nonfossorial","aquatic","good"
"123","Hystrix_africaeaustralis","Hystrix_africaeaustralis","Mammalia",0.917250129536521,1.56005533731514,-1.54003581938429,"nocturnal","nonvolant","semifossorial","terrestrial","good"
"124","Isoodon_macrourus","Isoodon_macrourus","Mammalia",-0.860929015698314,0.565161127849724,-0.693962658946076,"nocturnal","nonvolant","nonfossorial","terrestrial","good"
"125","Isoodon_obesulus","Isoodon_obesulus","Mammalia",-0.926536637427575,0.261452679160108,-1.00263147353605,"nocturnal","nonvolant","nonfossorial","terrestrial","good"
"126","Jaculus_jaculus","Jaculus_jaculus","Mammalia",-0.757761246465401,-0.673079224517675,0.51283914510825,"nocturnal","nonvolant","semifossorial","terrestrial","good"
"127","Jaculus_orientalis","Jaculus_orientalis","Mammalia",-1.1694425652357,-0.34592137710649,0.286129723976932,"nocturnal","nonvolant","semifossorial","terrestrial","good"
"128","Kerodon_rupestris","Kerodon_rupestris","Mammalia",0.0701096197782101,0.373644999188668,-0.591329559751004,"nocturnal","nonvolant","semifossorial","terrestrial","good"
"129","Kobus_ellipsiprymnus","Kobus_ellipsiprymnus","Mammalia",1.29728902925233,2.29064727657921,-1.16576409763822,"crepuscular","nonvolant","nonfossorial","terrestrial","good"
"130","Lagidium_viscacia","Lagidium_viscacia","Mammalia",0.670906716432409,0.55111926728965,-0.899688307179275,"diurnal","nonvolant","nonfossorial","terrestrial","good"
"131","Lagorchestes_conspicillatus","Lagorchestes_conspicillatus","Mammalia",-0.486031154701691,0.796101867066668,-0.966757093107237,"nocturnal","nonvolant","nonfossorial","terrestrial","good"
"132","Lagostomus_maximus","Lagostomus_maximus","Mammalia",-0.188248691531134,1.05075302381616,-1.11328780275635,"crepuscular","nonvolant","semifossorial","terrestrial","good"
"133","Lama_glama","Lama_glama","Mammalia",1.24297163852397,2.20796949991299,-1.31938988611087,"diurnal","nonvolant","nonfossorial","terrestrial","good"
"134","Lasiopodomys_brandtii","Lasiopodomys_brandtii","Mammalia",-1.59658756557445,-0.790074017650953,0.997578725841581,"diurnal","nonvolant","semifossorial","terrestrial","good"
"135","Lasiorhinus_latifrons","Lasiorhinus_latifrons","Mammalia",1.29243408115935,1.58232785101213,-2.24589937792782,"nocturnal","nonvolant","semifossorial","terrestrial","good"
"136","Lasiurus_cinereus","Lasiurus_cinereus","Mammalia",0.189095016304583,-0.977743158689953,0.0761154894298699,"nocturnal","volant","nonfossorial","volant","good"
"137","Lemmus_lemmus","Lemmus_lemmus","Mammalia",-1.91221142562743,-0.58448015284159,1.24951342348485,"cathemeral","nonvolant","semifossorial","terrestrial","good"
"138","Leontopithecus_rosalia","Leontopithecus_rosalia","Mammalia",1.37284137877482,0.236761262483929,-0.433172991876402,"diurnal","nonvolant","nonfossorial","arboreal","good"
"139","Leopardus_pardalis","Leopardus_pardalis","Mammalia",1.2073187517883,1.19145823448198,-1.03763918821626,"nocturnal","nonvolant","nonfossorial","terrestrial","good"
"140","Leopardus_wiedii","Leopardus_wiedii","Mammalia",0.972825898191096,0.869828401861013,-1.19469254116147,"nocturnal","nonvolant","nonfossorial","arboreal","good"
"141","Leptailurus_serval","Leptailurus_serval","Mammalia",0.872506426838595,1.34457088731242,-1.00154897533664,"nocturnal","nonvolant","nonfossorial","terrestrial","good"
"142","Leptonycteris_curasoae","Leptonycteris_curasoae","Mammalia",-0.285685990278927,-0.962745812647217,0.665261415977292,"nocturnal","volant","nonfossorial","volant","good"
"143","Lepus_timidus","Lepus_timidus","Mammalia",0.554520168860596,0.917523026527477,-0.0461590600328443,"nocturnal","nonvolant","nonfossorial","terrestrial","good"
"144","Loris_tardigradus","Loris_tardigradus","Mammalia",0.655916319716567,-0.134576091025383,-0.590024939967073,"nocturnal","nonvolant","nonfossorial","arboreal","good"
"145","Lutra_lutra","Lutra_lutra","Mammalia",0.570587245079906,1.0940246219941,-0.591658147552506,"cathemeral","nonvolant","semifossorial","aquatic","good"
"146","Lutreolina_crassicaudata","Lutreolina_crassicaudata","Mammalia",-2.10009246775897,0.0272169944400036,-0.475573541123536,"nocturnal","nonvolant","nonfossorial","terrestrial","good"
"147","Lycaon_pictus","Lycaon_pictus","Mammalia",0.471408656958158,1.59645974562756,-0.143502729522891,"crepuscular","nonvolant","nonfossorial","terrestrial","good"
"148","Lynx_rufus","Lynx_rufus","Mammalia",1.40469989645297,1.18301225421513,-0.594100218819403,"nocturnal","nonvolant","nonfossorial","terrestrial","good"
"149","Macaca_mulatta","Macaca_mulatta","Mammalia",1.71559475858283,1.16707923812798,-0.86817501752773,"diurnal","nonvolant","nonfossorial","semiarboreal","good"
"150","Macroderma_gigas","Macroderma_gigas","Mammalia",0.885431450635394,-0.304482121684519,0.143494827623134,"nocturnal","volant","nonfossorial","terrestrial","good"
"151","Macropus_eugenii","Macropus_eugenii","Mammalia",0.299076022226522,1.08015943081036,-1.0748138995521,"nocturnal","nonvolant","nonfossorial","terrestrial","good"
"152","Macropus_robustus","Macropus_robustus","Mammalia",0.846306517954781,1.64203469906837,-1.53991854654555,"nocturnal","nonvolant","nonfossorial","terrestrial","good"
"153","Macropus_rufus","Macropus_rufus","Mammalia",1.03218334804881,1.86471927148742,-1.61169014370771,"cathemeral","nonvolant","nonfossorial","terrestrial","good"
"154","Macroscelides_proboscideus","Macroscelides_proboscideus","Mammalia",-0.502649113898986,-0.790074017650953,0.604238916206902,"cathemeral","nonvolant","semifossorial","terrestrial","good"
"155","Macrotis_lagotis","Macrotis_lagotis","Mammalia",-0.359511774465375,0.48887775555815,-0.867337509029928,"nocturnal","nonvolant","nonfossorial","terrestrial","good"
"156","Macrotus_californicus","Macrotus_californicus","Mammalia",0.471408656958158,-1.24484920177807,0.518161507398372,"nocturnal","volant","nonfossorial","volant","good"
"157","Madoqua_kirkii","Madoqua_kirkii","Mammalia",0.496844680558842,0.983771008105668,-0.667385002629463,"cathemeral","nonvolant","nonfossorial","terrestrial","good"
"158","Marmosa_robinsoni","Marmosa_robinsoni","Mammalia",-1.3080288662029,-0.55913327843401,0.0412569272421744,"nocturnal","nonvolant","nonfossorial","arboreal","good"
"159","Marmota_monax","Marmota_monax","Mammalia",0.189095016304583,0.901791646352441,-1.238376372063,"diurnal","nonvolant","fossorial","terrestrial","good"
"160","Martes_martes","Martes_martes","Mammalia",0.570587245079906,0.48887775555815,0.0412325280706389,"nocturnal","nonvolant","nonfossorial","semiarboreal","good"
"161","Meles_meles","Meles_meles","Mammalia",0.602198394457668,1.33481058755985,-1.15345954559593,"nocturnal","nonvolant","semifossorial","terrestrial","good"
"162","Melursus_ursinus","Melursus_ursinus","Mammalia",1.44903429426347,2.08435499685686,-1.9917409378091,"nocturnal","nonvolant","nonfossorial","terrestrial","good"
"163","Mephitis_mephitis","Mephitis_mephitis","Mammalia",0.178671634013177,0.852734354412314,-1.1698645223022,"nocturnal","nonvolant","semifossorial","terrestrial","good"
"164","Meriones_unguiculatus","Meriones_unguiculatus","Mammalia",-0.971979573417648,-0.685303848259609,0.443943542396946,"cathemeral","nonvolant","semifossorial","terrestrial","good"
"165","Mesocricetus_auratus","Mesocricetus_auratus","Mammalia",-1.66930549781931,-0.435518775377873,0.12060067033294,"nocturnal","nonvolant","semifossorial","terrestrial","good"
"166","Metachirus_nudicaudatus","Metachirus_nudicaudatus","Mammalia",-2.05079772659463,0.090874245730796,-0.256325985567024,"nocturnal","nonvolant","nonfossorial","semiarboreal","good"
"167","Micaelamys_namaquensis","Micaelamys_namaquensis","Mammalia",-1.39799914366693,-0.726166362651047,0.0255039679852917,"nocturnal","nonvolant","nonfossorial","semiarboreal","good"
"168","Microgale_dobsoni","Microgale_dobsoni","Mammalia",-1.14324265635189,-0.810857057455872,0.216119524469653,"cathemeral","nonvolant","semifossorial","terrestrial","good"
"169","Microgale_talazaci","Microgale_talazaci","Mammalia",-1.09221792616373,-0.708094655897727,0.269610721147091,"cathemeral","nonvolant","semifossorial","semiarboreal","good"
"170","Micromys_minutus","Micromys_minutus","Mammalia",-1.70707529936456,-1.48704547218893,1.4552380557025,"cathemeral","nonvolant","nonfossorial","terrestrial","good"
"171","Microtus_agrestis","Microtus_agrestis","Mammalia",-1.36738631606062,-0.738727721664236,1.19139312568886,"cathemeral","nonvolant","semifossorial","terrestrial","good"
"172","Microtus_arvalis","Microtus_arvalis","Mammalia",-1.36738631606062,-0.927730381267165,1.29907933727382,"cathemeral","nonvolant","semifossorial","terrestrial","good"
"173","Microtus_guentheri","Microtus_guentheri","Mammalia",-1.66930549781931,-0.696522550827262,0.951567667803961,"cathemeral","nonvolant","semifossorial","terrestrial","good"
"174","Microtus_ochrogaster","Microtus_ochrogaster","Mammalia",-1.22330263386467,-0.790074017650953,0.89833007356457,"cathemeral","nonvolant","semifossorial","terrestrial","good"
"175","Microtus_pinetorum","Microtus_pinetorum","Mammalia",-1.70707529936456,-0.955470644992957,1.2232746621153,"cathemeral","nonvolant","semifossorial","terrestrial","good"
"176","Miniopterus_schreibersii","Miniopterus_schreibersii","Mammalia",0.846306517954781,-1.20298790844524,1.23830689685335,"nocturnal","volant","nonfossorial","volant","good"
"177","Monodelphis_domestica","Monodelphis_domestica","Mammalia",-1.27923474502881,-0.435518775377873,-0.31729590759299,"nocturnal","nonvolant","nonfossorial","semiarboreal","good"
"178","Mus_minutoides","Mus_minutoides","Mammalia",-1.52733373408177,-1.42006345647844,1.35428833119002,"nocturnal","nonvolant","semifossorial","terrestrial","good"
"179","Mus_musculus","Mus_musculus","Mammalia",-1.63249199726413,-1.03565350457958,2.04729099922792,"nocturnal","nonvolant","semifossorial","terrestrial","good"
"180","Mustela_erminea","Mustela_erminea","Mammalia",0.0243088064535728,-0.417427475335783,0.717601589682599,"nocturnal","nonvolant","semifossorial","terrestrial","good"
"181","Mustela_nivalis","Mustela_nivalis","Mammalia",-0.437287296515335,-0.731609187549334,1.19762451349294,"nocturnal","nonvolant","semifossorial","terrestrial","good"
"182","Mustela_putorius","Mustela_putorius","Mammalia",-0.148409059596517,0.314619965050987,0.0411144678676895,"nocturnal","nonvolant","semifossorial","terrestrial","good"
"183","Myocastor_coypus","Myocastor_coypus","Mammalia",-0.536465884637084,1.14948895585636,-0.105753484393908,"cathemeral","nonvolant","semifossorial","terrestrial","good"
"184","Myodes_glareolus","Myodes_glareolus","Mammalia",-1.33740472597366,-1.03031611344898,1.21598544544525,"cathemeral","nonvolant","nonfossorial","terrestrial","good"
"185","Myoprocta_acouchy","Myoprocta_acouchy","Mammalia",0.269896669733984,0.298846008556857,-0.37141249548318,"diurnal","nonvolant","semifossorial","terrestrial","good"
"186","Myosorex_varius","Myosorex_varius","Mammalia",-2.56942292727763,-1.09378246634057,1.01737226516084,"cathemeral","nonvolant","semifossorial","terrestrial","good"
"187","Myotis_lucifugus","Myotis_lucifugus","Mammalia",1.4792831985534,-1.29937633114993,0.885514278606068,"nocturnal","volant","nonfossorial","volant","good"
"188","Myotis_nigricans","Myotis_nigricans","Mammalia",-0.818779525290659,-1.61808212588229,0.582112477010902,"nocturnal","volant","nonfossorial","volant","good"
"189","Myotis_velifer","Myotis_velifer","Mammalia",-0.122443090959849,-1.29572073918784,-0.269516530700706,"nocturnal","volant","nonfossorial","volant","good"
"190","Myotis_vivesi","Myotis_vivesi","Mammalia",-0.300154324607657,-0.962745812647217,0.683228884578482,"nocturnal","volant","nonfossorial","aquatic","good"
"191","Myotis_yumanensis","Myotis_yumanensis","Mammalia",0.189095016304583,-1.4720481261462,0.860597742149518,"nocturnal","volant","nonfossorial","volant","good"
"192","Myrmecobius_fasciatus","Myrmecobius_fasciatus","Mammalia",-0.161568023640461,0.116276780158329,-0.757556745423952,"diurnal","nonvolant","nonfossorial","terrestrial","good"
"193","Myrmecophaga_tridactyla","Myrmecophaga_tridactyla","Mammalia",1.3449672548494,1.62319036540357,-2.42460283362722,"nocturnal","nonvolant","nonfossorial","terrestrial","good"
"194","Mystromys_albicaudatus","Mystromys_albicaudatus","Mammalia",-0.971979573417648,-0.432036436878556,0.61545585296509,"nocturnal","nonvolant","semifossorial","terrestrial","good"
"195","Nasua_narica","Nasua_narica","Mammalia",1.11141219915829,0.878081228819894,-0.935898062208384,"cathemeral","nonvolant","nonfossorial","semiarboreal","good"
"196","Nasua_nasua","Nasua_nasua","Mammalia",0.954535649444324,0.964926674440875,-1.23812868333487,"cathemeral","nonvolant","nonfossorial","semiarboreal","good"
"197","Neomys_fodiens","Neomys_fodiens","Mammalia",-2.00311950099756,-1.15041495368622,1.46297878052237,"cathemeral","nonvolant","semifossorial","terrestrial","good"
"198","Neotoma_albigula","Neotoma_albigula","Mammalia",-0.374737626708085,-0.182621244683487,-0.0587332504231214,"nocturnal","nonvolant","nonfossorial","terrestrial","good"
"199","Neotoma_lepida","Neotoma_lepida","Mammalia",-0.229210713025917,-0.137984992388309,-0.0760370696354665,"nocturnal","nonvolant","nonfossorial","terrestrial","good"
"200","Noctilio_leporinus","Noctilio_leporinus","Mammalia",-0.0594871279623244,-0.708094655897727,-0.00457620401630222,"nocturnal","volant","nonfossorial","aquatic","good"
"201","Notomys_alexis","Notomys_alexis","Mammalia",-0.949080586730117,-0.83913130959108,0.65903457063318,"nocturnal","nonvolant","semifossorial","terrestrial","good"
"202","Nyctereutes_procyonoides","Nyctereutes_procyonoides","Mammalia",0.436786649814047,1.08015943081036,-0.719256992068684,"cathemeral","nonvolant","semifossorial","terrestrial","good"
"203","Nycticebus_coucang","Nycticebus_coucang","Mammalia",1.07798416137345,0.349883015376158,-1.28214114611007,"nocturnal","nonvolant","nonfossorial","arboreal","good"
"204","Ochotona_princeps","Ochotona_princeps","Mammalia",-0.818779525290659,-0.453443499148236,0.754709963932695,"cathemeral","nonvolant","semifossorial","terrestrial","good"
"205","Ochrotomys_nuttalli","Ochrotomys_nuttalli","Mammalia",-0.553673844087147,-1.00970974302039,0.647400406686145,"nocturnal","nonvolant","nonfossorial","semiarboreal","good"
"206","Octodon_degus","Octodon_degus","Mammalia",0.189095016304583,-0.139545011551891,0.20763346445099,"diurnal","nonvolant","semifossorial","terrestrial","good"
"207","Odocoileus_virginianus","Odocoileus_virginianus","Mammalia",0.910941852384025,2.03319234694294,-1.2381200073524,"crepuscular","nonvolant","nonfossorial","terrestrial","good"
"208","Onychomys_torridus","Onychomys_torridus","Mammalia",-1.42927036186769,-1.00970974302039,0.760282227523335,"nocturnal","nonvolant","semifossorial","terrestrial","good"
"209","Oreamnos_americanus","Oreamnos_americanus","Mammalia",0.764749314701679,2.04564723328157,-1.19496324702988,"cathemeral","nonvolant","nonfossorial","terrestrial","good"
"210","Ornithorhynchus_anatinus","Ornithorhynchus_anatinus","Mammalia",0.885431450635394,0.474468694606687,-0.836780366824855,"crepuscular","nonvolant","semifossorial","aquatic","good"
"211","Orycteropus_afer","Orycteropus_afer","Mammalia",1.28756286855328,1.89668585581786,-1.97440686988799,"nocturnal","nonvolant","semifossorial","terrestrial","good"
"212","Oryx_leucoryx","Oryx_leucoryx","Mammalia",0.764749314701679,2.1554470065181,-1.37090802499673,"diurnal","nonvolant","nonfossorial","terrestrial","good"
"213","Otolemur_crassicaudatus","Otolemur_crassicaudatus","Mammalia",0.891851132599697,0.425663236763705,-0.631853966443754,"nocturnal","nonvolant","nonfossorial","arboreal","good"
"214","Otolemur_garnettii","Otolemur_garnettii","Mammalia",0.578554692976395,0.48887775555815,-0.399717759106426,"nocturnal","nonvolant","nonfossorial","arboreal","good"
"215","Ovis_canadensis","Ovis_canadensis","Mammalia",0.750700359004803,1.95475880965725,-0.837084862887444,"diurnal","nonvolant","nonfossorial","terrestrial","good"
"216","Pan_troglodytes","Pan_troglodytes","Mammalia",2.29054982368778,1.79086134437731,-1.16166565973008,"diurnal","nonvolant","nonfossorial","semiarboreal","good"
"217","Panthera_leo","Panthera_leo","Mammalia",1.14408898112534,2.28994886166622,-1.64304308789822,"nocturnal","nonvolant","nonfossorial","terrestrial","good"
"218","Panthera_onca","Panthera_onca","Mammalia",1.19696955789982,2.00761918120637,-1.36877602784784,"cathemeral","nonvolant","nonfossorial","terrestrial","good"
"219","Panthera_tigris","Panthera_tigris","Mammalia",1.1058939549527,2.15041740267292,-1.63671962744996,"nocturnal","nonvolant","nonfossorial","terrestrial","good"
"220","Papio_hamadryas","Papio_hamadryas","Mammalia",1.62175216031356,1.45436555802937,-1.06560940329041,"diurnal","nonvolant","nonfossorial","terrestrial","good"
"221","Paraechinus_aethiopicus","Paraechinus_aethiopicus","Mammalia",-0.971979573417648,-0.221524373305117,-1.23764135692347,"nocturnal","nonvolant","semifossorial","terrestrial","good"
"222","Pecari_tajacu","Pecari_tajacu","Mammalia",1.36823264083407,1.49672891356674,-1.08247707160292,"cathemeral","nonvolant","nonfossorial","terrestrial","good"
"223","Pedetes_capensis","Pedetes_capensis","Mammalia",0.707720216987585,0.852734354412314,-0.884128884548804,"nocturnal","nonvolant","semifossorial","terrestrial","good"
"224","Perameles_gunnii","Perameles_gunnii","Mammalia",-1.01888866088359,0.294554648084449,-0.471403551652131,"nocturnal","nonvolant","nonfossorial","terrestrial","good"
"225","Perameles_nasuta","Perameles_nasuta","Mammalia",-1.14324265635189,0.336651983001752,-0.497354716080024,"nocturnal","nonvolant","nonfossorial","terrestrial","good"
"226","Perodicticus_potto","Perodicticus_potto","Mammalia",1.13327810899739,0.467046543969471,-0.806670423675235,"nocturnal","nonvolant","nonfossorial","arboreal","good"
"227","Perognathus_longimembris","Perognathus_longimembris","Mammalia",-0.571087891781195,-1.38135569290316,0.75462982950023,"nocturnal","nonvolant","semifossorial","terrestrial","good"
"228","Perognathus_parvus","Perognathus_parvus","Mammalia",-1.09221792616373,-1.04289283164447,0.728126426622603,"nocturnal","nonvolant","semifossorial","terrestrial","good"
"229","Peromyscus_californicus","Peromyscus_californicus","Mammalia",-1.1694425652357,-0.772149293880589,0.463693223428541,"nocturnal","nonvolant","nonfossorial","terrestrial","good"
"230","Peromyscus_crinitus","Peromyscus_crinitus","Mammalia",-0.680193224323463,-1.11539952230616,0.710528658177244,"nocturnal","nonvolant","nonfossorial","terrestrial","good"
"231","Peromyscus_eremicus","Peromyscus_eremicus","Mammalia",-0.737977871861259,-0.962745812647217,0.711334761903049,"nocturnal","nonvolant","nonfossorial","terrestrial","good"
"232","Peromyscus_leucopus","Peromyscus_leucopus","Mammalia",-0.64290770441566,-0.993378878413726,0.849181700081049,"nocturnal","nonvolant","nonfossorial","terrestrial","good"
"233","Peromyscus_maniculatus","Peromyscus_maniculatus","Mammalia",-0.571087891781195,-1.03565350457958,1.06732561609349,"nocturnal","nonvolant","nonfossorial","terrestrial","good"
"234","Peromyscus_polionotus","Peromyscus_polionotus","Mammalia",-1.1694425652357,-1.1757618280938,0.923547036723372,"nocturnal","nonvolant","nonfossorial","terrestrial","good"
"235","Peromyscus_truei","Peromyscus_truei","Mammalia",-1.19612323312638,-0.962745812647217,0.984602048934989,"nocturnal","nonvolant","nonfossorial","terrestrial","good"
"236","Phalanger_gymnotis","Phalanger_gymnotis","Mammalia",0.625463780442336,0.714122505313441,-0.928929100901877,"nocturnal","nonvolant","semifossorial","arboreal","good"
"237","Phascogale_tapoatafa","Phascogale_tapoatafa","Mammalia",-1.06736166955757,-0.210930654860829,0.0532717217631776,"nocturnal","nonvolant","nonfossorial","arboreal","good"
"238","Phascolarctos_cinereus","Phascolarctos_cinereus","Mammalia",0.852900885733482,1.21176085626905,-1.38780532435864,"nocturnal","nonvolant","nonfossorial","arboreal","good"
"239","Philander_opossum","Philander_opossum","Mammalia",-1.49390569629693,0.0991304125286876,-0.591015959497633,"nocturnal","nonvolant","nonfossorial","terrestrial","good"
"240","Philantomba_monticola","Philantomba_monticola","Mammalia",0.374140719995309,1.06575036985889,-0.641698582322718,"nocturnal","nonvolant","nonfossorial","terrestrial","good"
"241","Phodopus_sungorus","Phodopus_sungorus","Mammalia",-1.66930549781931,-0.987044515271037,1.42572056798972,"crepuscular","nonvolant","semifossorial","terrestrial","good"
"242","Phyllostomus_discolor","Phyllostomus_discolor","Mammalia",-0.453354372734646,-0.76010283889142,0.3145309908629,"nocturnal","volant","nonfossorial","arboreal","good"
"243","Phyllostomus_hastatus","Phyllostomus_hastatus","Mammalia",0.554520168860596,-0.530859026298802,0.0946414548667403,"nocturnal","volant","nonfossorial","arboreal","good"
"244","Planigale_maculata","Planigale_maculata","Mammalia",-1.09221792616373,-1.29937633114993,0.545569761049887,"nocturnal","nonvolant","nonfossorial","terrestrial","good"
"245","Planigale_tenuirostris","Planigale_tenuirostris","Mammalia",-1.25099976848881,-1.53262042562974,0.8125798917743,"nocturnal","nonvolant","nonfossorial","terrestrial","good"
"246","Platyrrhinus_lineatus","Platyrrhinus_lineatus","Mammalia",0.0813379041676665,-1.00970974302039,1.07425733610888,"nocturnal","volant","nonfossorial","arboreal","good"
"247","Plecotus_auritus","Plecotus_auritus","Mammalia",1.29728902925233,-1.39065704948424,0.683228884578482,"nocturnal","volant","nonfossorial","volant","good"
"248","Podomys_floridanus","Podomys_floridanus","Mammalia",-0.737977871861259,-0.87205337940418,0.858197595050206,"nocturnal","nonvolant","semifossorial","terrestrial","good"
"249","Potorous_tridactylus","Potorous_tridactylus","Mammalia",0.240119746492744,0.523893186938202,-0.591692764516448,"nocturnal","nonvolant","nonfossorial","terrestrial","good"
"250","Potos_flavus","Potos_flavus","Mammalia",1.65623730872511,0.796101867066668,-0.980361225448183,"nocturnal","nonvolant","nonfossorial","arboreal","good"
"251","Priodontes_maximus","Priodontes_maximus","Mammalia",0.289414487657085,1.67705013044842,-2.68630178151517,"nocturnal","nonvolant","semifossorial","terrestrial","good"
"252","Procavia_capensis","Procavia_capensis","Mammalia",0.269896669733984,0.863083882777158,-1.15363921116699,"diurnal","nonvolant","nonfossorial","terrestrial","good"
"253","Procyon_cancrivorus","Procyon_cancrivorus","Mammalia",0.633136914887156,1.06692412153142,-0.720860389167617,"nocturnal","nonvolant","nonfossorial","semiarboreal","good"
"254","Procyon_lotor","Procyon_lotor","Mammalia",0.778663828569325,1.05075302381616,-0.58426549475756,"nocturnal","nonvolant","nonfossorial","semiarboreal","good"
"255","Proechimys_semispinosus","Proechimys_semispinosus","Mammalia",-1.09221792616373,0.137838176103971,-0.221575625514977,"nocturnal","nonvolant","semifossorial","terrestrial","good"
"256","Propithecus_verreauxi","Propithecus_verreauxi","Mammalia",1.32132355336813,0.983771008105668,-1.36876270475037,"diurnal","nonvolant","nonfossorial","semiarboreal","good"
"257","Proteles_cristata","Proteles_cristata","Mammalia",0.707720216987585,1.23842216485516,-1.1533573099998,"nocturnal","nonvolant","semifossorial","terrestrial","good"
"258","Pseudantechinus_macdonnellensis","Pseudantechinus_macdonnellensis","Mammalia",-0.818779525290659,-0.866357389942527,-0.212017478565413,"nocturnal","nonvolant","nonfossorial","terrestrial","good"
"259","Pseudocheirus_peregrinus","Pseudocheirus_peregrinus","Mammalia",-0.285685990278927,0.33278248479723,-0.932656276504996,"nocturnal","nonvolant","nonfossorial","semiarboreal","good"
"260","Pteropus_giganteus","Pteropus_giganteus","Mammalia",1.71559475858283,0.451736663700316,-0.432692423106296,"nocturnal","volant","nonfossorial","volant","good"
"261","Pteropus_hypomelanus","Pteropus_hypomelanus","Mammalia",0.729369087404985,0.0991304125286876,-0.350439366586915,"nocturnal","volant","nonfossorial","volant","good"
"262","Pteropus_poliocephalus","Pteropus_poliocephalus","Mammalia",0.948387413632917,0.248091789992405,-0.412410626226695,"nocturnal","volant","nonfossorial","volant","good"
"263","Pteropus_pumilus","Pteropus_pumilus","Mammalia",0.48841534910871,-0.198792342398746,-0.184922324367046,"nocturnal","volant","nonfossorial","volant","good"
"264","Pteropus_rodricensis","Pteropus_rodricensis","Mammalia",1.19696955789982,0.00680152241061728,-0.411079768875491,"nocturnal","volant","nonfossorial","volant","good"
"265","Pteropus_scapulatus","Pteropus_scapulatus","Mammalia",0.364966837179582,-0.0498309649350291,-0.153935379595104,"nocturnal","volant","nonfossorial","volant","good"
"266","Pteropus_vampyrus","Pteropus_vampyrus","Mammalia",0.771723215854353,0.342170274495052,0.0274043928229802,"nocturnal","volant","nonfossorial","volant","good"
"267","Puma_concolor","Puma_concolor","Mammalia",0.960657997870399,1.91461057958822,-1.29223138792864,"cathemeral","nonvolant","nonfossorial","terrestrial","good"
"268","Puma_yagouaroundi","Puma_yagouaroundi","Mammalia",0.602198394457668,1.1073855111618,-1.44555981216708,"crepuscular","nonvolant","nonfossorial","terrestrial","good"
"269","Rangifer_tarandus","Rangifer_tarandus","Mammalia",0.83302737906032,2.08891883145952,-1.22067064944848,"diurnal","nonvolant","nonfossorial","terrestrial","good"
"270","Raphicerus_campestris","Raphicerus_campestris","Mammalia",-0.405676147137574,1.33481058755985,-0.763267501564646,"diurnal","nonvolant","nonfossorial","terrestrial","good"
"271","Rattus_fuscipes","Rattus_fuscipes","Mammalia",-1.22330263386467,-0.357055076443547,0.398783411158504,"nocturnal","nonvolant","semifossorial","terrestrial","good"
"272","Rattus_lutreolus","Rattus_lutreolus","Mammalia",-1.49390569629693,-0.402097203161519,-0.312070955292171,"cathemeral","nonvolant","semifossorial","terrestrial","good"
"273","Rattus_norvegicus","Rattus_norvegicus","Mammalia",-1.70707529936456,-0.0498309649350291,0.732790877801225,"nocturnal","nonvolant","semifossorial","terrestrial","good"
"274","Rattus_rattus","Rattus_rattus","Mammalia",-1.56154838568239,-0.198792342398746,0.550688201170387,"nocturnal","nonvolant","semifossorial","semiarboreal","good"
"275","Reithrodon_auritus","Reithrodon_auritus","Mammalia",-1.1694425652357,-0.573111528231048,0.265281294293083,"nocturnal","nonvolant","semifossorial","terrestrial","good"
"276","Rhabdomys_pumilio","Rhabdomys_pumilio","Mammalia",-1.46122891432989,-0.700819488243467,0.0478124853574865,"diurnal","nonvolant","nonfossorial","semiarboreal","good"
"277","Rousettus_aegyptiacus","Rousettus_aegyptiacus","Mammalia",0.904606088098323,-0.37146413739501,0.0947163460942206,"nocturnal","volant","nonfossorial","arboreal","good"
"278","Saccopteryx_bilineata","Saccopteryx_bilineata","Mammalia",-1.04292318499939,-1.38597693573486,0.96410749290178,"nocturnal","volant","nonfossorial","volant","good"
"279","Saccostomus_campestris","Saccostomus_campestris","Mammalia",-1.46122891432989,-0.727713244772164,0.0905909151564718,"nocturnal","nonvolant","semifossorial","terrestrial","good"
"280","Saguinus_geoffroyi","Saguinus_geoffroyi","Mammalia",0.743624648677266,0.137323478185903,0.329538953396975,"diurnal","nonvolant","nonfossorial","arboreal","good"
"281","Saimiri_sciureus","Saimiri_sciureus","Mammalia",1.30695056382176,0.36384751294272,-0.105492662077954,"diurnal","nonvolant","nonfossorial","semiarboreal","good"
"282","Sarcophilus_harrisii","Sarcophilus_harrisii","Mammalia",0.0813379041676665,1.08015943081036,-1.1136061000107,"nocturnal","nonvolant","nonfossorial","terrestrial","good"
"283","Sciurus_carolinensis","Sciurus_carolinensis","Mammalia",0.948387413632917,0.161318906876301,0.0950524721138594,"diurnal","nonvolant","nonfossorial","semiarboreal","good"
"284","Sekeetamys_calurus","Sekeetamys_calurus","Mammalia",-0.757761246465401,-0.611706233193037,-0.000846357876154516,"nocturnal","nonvolant","nonfossorial","terrestrial","good"
"285","Setifer_setosus","Setifer_setosus","Mammalia",0.199444210193055,-0.155520744220802,-1.32882505824554,"nocturnal","nonvolant","semifossorial","semiarboreal","good"
"286","Setonix_brachyurus","Setonix_brachyurus","Mammalia",0.168172991992295,0.852734354412314,-0.966503219274668,"nocturnal","nonvolant","nonfossorial","terrestrial","good"
"287","Sigmodon_hispidus","Sigmodon_hispidus","Mammalia",-1.25099976848881,-0.227434162309487,0.0816563733668852,"cathemeral","nonvolant","semifossorial","terrestrial","good"
"288","Sminthopsis_crassicaudata","Sminthopsis_crassicaudata","Mammalia",-1.3080288662029,-1.15041495368622,0.521370829724731,"nocturnal","nonvolant","semifossorial","terrestrial","good"
"289","Sminthopsis_macroura","Sminthopsis_macroura","Mammalia",-1.33740472597366,-1.04472517440044,0.354723492442012,"nocturnal","nonvolant","semifossorial","terrestrial","good"
"290","Sorex_araneus","Sorex_araneus","Mammalia",-1.95695512832536,-1.33808409472522,2.27170767361895,"cathemeral","nonvolant","semifossorial","terrestrial","good"
"291","Spalacopus_cyanus","Spalacopus_cyanus","Mammalia",-0.188248691531134,-0.460865649785453,-0.0288449041841494,"nocturnal","nonvolant","semifossorial","terrestrial","good"
"292","Spalax_ehrenbergi","Spalax_ehrenbergi","Mammalia",0.722188551316314,-0.280771704151973,0.120488078153658,"cathemeral","nonvolant","fossorial","terrestrial","good"
"293","Spermophilus_citellus","Spermophilus_citellus","Mammalia",-0.882470974193089,-0.168821163639213,0.230387339634415,"diurnal","nonvolant","semifossorial","terrestrial","good"
"294","Spermophilus_franklinii","Spermophilus_franklinii","Mammalia",-0.777817503795875,0.106405580182947,-0.192586997201721,"diurnal","nonvolant","semifossorial","terrestrial","good"
"295","Spermophilus_lateralis","Spermophilus_lateralis","Mammalia",-0.243125226893564,-0.286324212275734,-0.589420873744633,"diurnal","nonvolant","semifossorial","terrestrial","good"
"296","Spermophilus_mohavensis","Spermophilus_mohavensis","Mammalia",-0.661430956224064,-0.304482121684519,-0.55375652720902,"diurnal","nonvolant","semifossorial","terrestrial","good"
"297","Spermophilus_tridecemlineatus","Spermophilus_tridecemlineatus","Mammalia",-0.64290770441566,-0.252710120017493,-0.333306356025248,"diurnal","nonvolant","semifossorial","terrestrial","good"
"298","Spilogale_putorius","Spilogale_putorius","Mammalia",-0.229210713025917,0.204820191814461,-0.543656444216604,"nocturnal","nonvolant","semifossorial","terrestrial","good"
"299","Sturnira_lilium","Sturnira_lilium","Mammalia",-0.0350486434041453,-1.04472517440044,0.930880420083565,"nocturnal","volant","nonfossorial","volant","good"
"300","Suncus_murinus","Suncus_murinus","Mammalia",-1.95695512832536,-0.73952725181875,0.860702104816032,"nocturnal","nonvolant","semifossorial","terrestrial","good"
"301","Suricata_suricatta","Suricata_suricatta","Mammalia",0.750700359004803,0.299319746805608,-0.806103147135355,"diurnal","nonvolant","semifossorial","terrestrial","good"
"302","Sus_scrofa","Sus_scrofa","Mammalia",1.14408898112534,2.18074341956154,-1.88916576981438,"nocturnal","nonvolant","semifossorial","terrestrial","good"
"303","Sylvilagus_audubonii","Sylvilagus_audubonii","Mammalia",-0.661430956224064,0.353781569278178,-0.185487958098771,"nocturnal","nonvolant","nonfossorial","terrestrial","good"
"304","Tachyglossus_aculeatus","Tachyglossus_aculeatus","Mammalia",2.02544414248426,0.852734354412314,-1.94876299735033,"cathemeral","nonvolant","semifossorial","terrestrial","good"
"305","Tamandua_tetradactyla","Tamandua_tetradactyla","Mammalia",0.633136914887156,0.945063244530385,-1.23812868333487,"cathemeral","nonvolant","nonfossorial","semiarboreal","good"
"306","Tamias_minimus","Tamias_minimus","Mammalia",-0.300154324607657,-0.754224570110226,0.834524604289476,"diurnal","nonvolant","semifossorial","terrestrial","good"
"307","Tamias_striatus","Tamias_striatus","Mammalia",-0.374737626708085,-0.468440845190972,0.320514838721495,"diurnal","nonvolant","semifossorial","terrestrial","good"
"308","Tatera_indica","Tatera_indica","Mammalia",-0.818779525290659,-0.312654801614424,0.132852931090674,"nocturnal","nonvolant","semifossorial","terrestrial","good"
"309","Taurotragus_oryx","Taurotragus_oryx","Mammalia",1.094794239961,2.67563667210906,-1.2830256449624,"crepuscular","nonvolant","nonfossorial","terrestrial","good"
"310","Taxidea_taxus","Taxidea_taxus","Mammalia",1.03218334804881,1.15644280310193,-1.03752285320167,"nocturnal","nonvolant","semifossorial","terrestrial","good"
"311","Tenrec_ecaudatus","Tenrec_ecaudatus","Mammalia",-0.502649113898986,0.353781569278178,-0.931698375472101,"crepuscular","nonvolant","semifossorial","terrestrial","good"
"312","Thomomys_bottae","Thomomys_bottae","Mammalia",-1.01888866088359,-0.400503343997821,0.093893906537856,"cathemeral","nonvolant","fossorial","terrestrial","good"
"313","Thrichomys_apereoides","Thrichomys_apereoides","Mammalia",-0.818779525290659,0.0306759140414003,-0.20430910492394,"crepuscular","nonvolant","nonfossorial","semiarboreal","good"
"314","Tolypeutes_matacus","Tolypeutes_matacus","Mammalia",1.59435326291804,0.541450710317178,-1.59229293316481,"nocturnal","nonvolant","semifossorial","terrestrial","good"
"315","Tragulus_javanicus","Tragulus_javanicus","Mammalia",0.189095016304583,0.777257533401875,-0.393020480007113,"nocturnal","nonvolant","nonfossorial","terrestrial","good"
"316","Trichosurus_vulpecula","Trichosurus_vulpecula","Mammalia",0.374140719995309,0.713356323678081,-0.966237084392061,"nocturnal","nonvolant","nonfossorial","arboreal","good"
"317","Tupaia_belangeri","Tupaia_belangeri","Mammalia",-0.148409059596517,-0.198792342398746,-0.137473424215243,"diurnal","nonvolant","nonfossorial","semiarboreal","good"
"318","Tupaia_glis","Tupaia_glis","Mammalia",0.0126295821929263,-0.198792342398746,-0.0135545516875619,"diurnal","nonvolant","nonfossorial","terrestrial","good"
"319","Urogale_everetti","Urogale_everetti","Mammalia",-0.0969326892112174,0.00680152241061728,0.120629332489086,"diurnal","nonvolant","semifossorial","terrestrial","good"
"320","Ursus_americanus","Ursus_americanus","Mammalia",1.4792831985534,2.24358085025744,-2.06387038083636,"nocturnal","nonvolant","nonfossorial","terrestrial","good"
"321","Ursus_arctos","Ursus_arctos","Mammalia",1.71559475858283,2.45932571115932,-2.08262821684898,"diurnal","nonvolant","nonfossorial","terrestrial","good"
"322","Vulpes_macrotis","Vulpes_macrotis","Mammalia",0.364966837179582,0.729119851356177,-0.481920183996124,"nocturnal","nonvolant","semifossorial","terrestrial","good"
"323","Vulpes_rueppellii","Vulpes_rueppellii","Mammalia",0.219924205134863,0.819812284599215,-0.438977231684305,"nocturnal","nonvolant","semifossorial","terrestrial","good"
"324","Vulpes_velox","Vulpes_velox","Mammalia",0.374140719995309,0.714122505313441,-0.472560952392022,"nocturnal","nonvolant","semifossorial","terrestrial","good"
"325","Vulpes_vulpes","Vulpes_vulpes","Mammalia",0.799289076555856,0.913692896730028,-0.495733930680937,"nocturnal","nonvolant","semifossorial","terrestrial","good"
"326","Vulpes_zerda","Vulpes_zerda","Mammalia",0.410268183452127,0.474468694606687,-0.836399317867692,"nocturnal","nonvolant","semifossorial","terrestrial","good"
"327","Xerus_inauris","Xerus_inauris","Mammalia",-0.0969326892112174,0.197398041177245,-0.271422857627129,"diurnal","nonvolant","semifossorial","terrestrial","good"
"328","Zaedyus_pichiy","Zaedyus_pichiy","Mammalia",0.0243088064535728,0.541450710317178,-1.32928939391435,"nocturnal","nonvolant","semifossorial","terrestrial","good"
"329","Zapus_hudsonius","Zapus_hudsonius","Mammalia",-1.14324265635189,-1.08343293797573,0.731817266847996,"nocturnal","nonvolant","semifossorial","terrestrial","good"
"330","Arenaria_interpres","Arenaria_interpres","Aves",0.866000574360977,-0.340478552208203,0.952823886062305,"diurnal","volant","nonfossorial","terrestrial","good"
"331","Accipiter_nisus","Accipiter_nisus","Aves",0.722188551316314,-0.135657314310312,0.54101160012331,"diurnal","volant","nonfossorial","volant","good"
"332","Buteo_lineatus","Buteo_lineatus","Aves",0.872506426838595,0.209081528284758,-0.322246678797695,"diurnal","volant","nonfossorial","volant","good"
"333","Aix_sponsa","Aix_sponsa","Aves",0.878983299921826,0.101409274711043,0.169732607806945,"diurnal","volant","nonfossorial","terrestrial","good"
"334","Anas_platyrhynchos","Anas_platyrhynchos","Aves",1.25299964794632,0.409748664395893,-0.0823604785387934,"diurnal","volant","nonfossorial","aquatic","good"
"335","Apus_apus","Apus_apus","Aves",0.78557146912808,-0.812806048557324,0.896336750715639,"diurnal","volant","nonfossorial","volant","good"
"336","Uria_aalge","Uria_aalge","Aves",1.81397419548743,0.389538441799895,0.554620990588058,"diurnal","volant","nonfossorial","aquatic","good"
"337","Uria_lomvia","Uria_lomvia","Aves",1.24799428808799,0.379019573049015,0.517296323939026,"diurnal","volant","nonfossorial","aquatic","good"
"338","Charadrius_dubius","Charadrius_dubius","Aves",0.0813379041676665,-0.802212330113035,1.08766666070158,"diurnal","volant","nonfossorial","terrestrial","good"
"339","Pluvialis_squatarola","Pluvialis_squatarola","Aves",1.06666849646037,-0.157157201095836,0.666062696439245,"diurnal","volant","nonfossorial","terrestrial","good"
"340","Haematopus_ostralegus","Haematopus_ostralegus","Aves",1.83086237142994,0.122840830061234,0.220529416347134,"diurnal","volant","nonfossorial","terrestrial","good"
"341","Larus_argentatus","Larus_argentatus","Aves",2.0106820298733,0.425495366547854,0.122319536857622,"diurnal","volant","nonfossorial","terrestrial","good"
"342","Larus_canus","Larus_canus","Aves",1.46639635848851,0.0829405369310942,0.217163852745184,"diurnal","volant","nonfossorial","terrestrial","good"
"343","Calidris_canutus","Calidris_canutus","Aves",1.16015605734465,-0.343189885259802,0.499496470308921,"diurnal","volant","nonfossorial","terrestrial","good"
"344","Scolopax_minor","Scolopax_minor","Aves",0.771723215854353,-0.203413585230448,0.504938444086012,"diurnal","volant","nonfossorial","terrestrial","good"
"345","Scolopax_rusticola","Scolopax_rusticola","Aves",0.337092713254156,-0.0398047406024895,0.171404679897829,"nocturnal","volant","nonfossorial","terrestrial","good"
"346","Leptotila_verreauxi","Leptotila_verreauxi","Aves",-0.519459192486532,-0.310656787384573,0.498541996716886,"diurnal","volant","nonfossorial","semiarboreal","good"
"347","Streptopelia_turtur","Streptopelia_turtur","Aves",0.10353765756305,-0.351446052057694,0.595938491455127,"diurnal","volant","nonfossorial","terrestrial","good"
"348","Zenaida_macroura","Zenaida_macroura","Aves",1.35897110886656,-0.38953584414833,0.36384056523189,"diurnal","volant","nonfossorial","terrestrial","good"
"349","Alcedo_atthis","Alcedo_atthis","Aves",0.778663828569325,-0.879007226649752,1.0355150492716,"diurnal","volant","semifossorial","semiarboreal","good"
"350","Falco_subbuteo","Falco_subbuteo","Aves",0.279688326958033,-0.181743385338679,0.410029464776571,"crepuscular","volant","nonfossorial","volant","good"
"351","Bonasa_umbellus","Bonasa_umbellus","Aves",-0.161568023640461,0.160628983742088,-0.16477344683626,"diurnal","volant","nonfossorial","terrestrial","good"
"352","Coturnix_coturnix","Coturnix_coturnix","Aves",0.250113295129841,-0.466532352789997,0.835217611971074,"diurnal","volant","nonfossorial","terrestrial","good"
"353","Dendragapus_obscurus","Dendragapus_obscurus","Aves",0.189095016304583,0.413376143970354,0.0214089585829047,"diurnal","volant","nonfossorial","terrestrial","good"
"354","Gallus_gallus","Gallus_gallus","Aves",1.29728902925233,0.301114401424392,-0.728740876518981,"diurnal","volant","nonfossorial","terrestrial","good"
"355","Lagopus_lagopus","Lagopus_lagopus","Aves",-0.453354372734646,0.202285704766054,0.180562317466777,"diurnal","volant","nonfossorial","terrestrial","good"
"356","Tetrao_urogallus","Tetrao_urogallus","Aves",0.554520168860596,0.789927201366615,-0.415265658260897,"diurnal","volant","nonfossorial","terrestrial","good"
"357","Fulica_atra","Fulica_atra","Aves",0.750700359004803,0.279027346723902,0.155031463038359,"diurnal","volant","nonfossorial","terrestrial","good"
"358","Aegithalos_caudatus","Aegithalos_caudatus","Aves",-0.148409059596517,-1.35478624178996,1.81365573916738,"diurnal","volant","nonfossorial","arboreal","good"
"359","Eremophila_alpestris","Eremophila_alpestris","Aves",-0.624617455668887,-0.855223690605471,1.12210193879487,"diurnal","volant","nonfossorial","terrestrial","good"
"360","Lullula_arborea","Lullula_arborea","Aves",-1.04292318499939,-0.93583476786831,1.81718291095499,"diurnal","volant","nonfossorial","terrestrial","good"
"361","Bombycilla_garrulus","Bombycilla_garrulus","Aves",0.136214439530096,-0.676434352502909,1.23054748199179,"diurnal","volant","nonfossorial","volant","good"
"362","Cardinalis_cardinalis","Cardinalis_cardinalis","Aves",1.2227057271519,-0.766938086491918,1.15567828264857,"diurnal","volant","nonfossorial","terrestrial","good"
"363","Coereba_flaveola","Coereba_flaveola","Aves",-0.519459192486532,-1.29572073918784,1.77054138895318,"diurnal","volant","nonfossorial","semiarboreal","good"
"364","Nucifraga_caryocatactes","Nucifraga_caryocatactes","Aves",0.401320120733608,-0.231427505550643,0.831727298658569,"diurnal","volant","nonfossorial","semiarboreal","good"
"365","Pica_pica","Pica_pica","Aves",0.826342054166396,-0.241604997405202,0.616162150803904,"diurnal","volant","nonfossorial","terrestrial","good"
"366","Ammodramus_savannarum","Ammodramus_savannarum","Aves",-0.437287296515335,-1.09168910477362,1.20859234423908,"diurnal","volant","nonfossorial","terrestrial","good"
"367","Emberiza_citrinella","Emberiza_citrinella","Aves",0.10353765756305,-0.899456129131957,1.46389270282069,"diurnal","volant","nonfossorial","terrestrial","good"
"368","Emberiza_hortulana","Emberiza_hortulana","Aves",-0.860929015698314,-1.04656670187025,1.38001458321724,"diurnal","volant","nonfossorial","semiarboreal","good"
"369","Emberiza_schoeniclus","Emberiza_schoeniclus","Aves",-0.0110141192883472,-1.07535824016695,1.51519270120901,"diurnal","volant","nonfossorial","terrestrial","good"
"370","Junco_hyemalis","Junco_hyemalis","Aves",-0.122443090959849,-1.06356950806524,1.47199106607608,"diurnal","volant","nonfossorial","semiarboreal","good"
"371","Spizella_passerina","Spizella_passerina","Aves",-0.0594871279623244,-1.22632171501606,1.46617968991028,"diurnal","volant","nonfossorial","terrestrial","good"
"372","Zonotrichia_albicollis","Zonotrichia_albicollis","Aves",0.279688326958033,-1.02505515537149,1.2798877149267,"diurnal","volant","nonfossorial","terrestrial","good"
"373","Zonotrichia_leucophrys","Zonotrichia_leucophrys","Aves",0.114511714204155,-0.950889024136704,1.20645959224548,"diurnal","volant","nonfossorial","terrestrial","good"
"374","Carduelis_pinus","Carduelis_pinus","Aves",-0.161568023640461,-1.21156535550935,1.73338114566618,"diurnal","volant","nonfossorial","arboreal","good"
"375","Carpodacus_cassinii","Carpodacus_cassinii","Aves",-0.818779525290659,-0.927730381267165,1.16277543355613,"diurnal","volant","nonfossorial","terrestrial","good"
"376","Carpodacus_erythrinus","Carpodacus_erythrinus","Aves",-0.453354372734646,-0.977743158689953,1.48434891549294,"diurnal","volant","nonfossorial","terrestrial","good"
"377","Carpodacus_mexicanus","Carpodacus_mexicanus","Aves",-0.0843433845684861,-1.01986847212829,1.38888043744842,"diurnal","volant","nonfossorial","terrestrial","good"
"378","Fringilla_montifringilla","Fringilla_montifringilla","Aves",0.269896669733984,-0.990198045028581,1.58957358701878,"diurnal","volant","nonfossorial","semiarboreal","good"
"379","Hirundo_rustica","Hirundo_rustica","Aves",0.383257085926355,-1.07736033755234,1.54413745099588,"diurnal","volant","nonfossorial","volant","good"
"380","Riparia_riparia","Riparia_riparia","Aves",-0.300154324607657,-1.21156535550935,1.51605498225518,"diurnal","volant","semifossorial","volant","good"
"381","Lanius_collurio","Lanius_collurio","Aves",-0.285685990278927,-0.915899463955635,1.31316839665883,"diurnal","volant","nonfossorial","semiarboreal","good"
"382","Lanius_excubitor","Lanius_excubitor","Aves",-0.0350486434041453,-0.62028368025714,1.05751758252724,"diurnal","volant","nonfossorial","semiarboreal","good"
"383","Anthus_pratensis","Anthus_pratensis","Aves",-0.486031154701691,-1.07535824016695,1.43681489413694,"diurnal","volant","nonfossorial","terrestrial","good"
"384","Anthus_trivialis","Anthus_trivialis","Aves",-0.486031154701691,-0.987044515271037,1.52563883439452,"diurnal","volant","nonfossorial","terrestrial","good"
"385","Motacilla_alba","Motacilla_alba","Aves",0.157597995540592,-0.976215572451662,1.49047619016382,"diurnal","volant","nonfossorial","terrestrial","good"
"386","Motacilla_flava","Motacilla_flava","Aves",-0.486031154701691,-1.08960760367578,1.54306807717084,"diurnal","volant","nonfossorial","terrestrial","good"
"387","Erithacus_rubecula","Erithacus_rubecula","Aves",0.655916319716567,-1.09800531698322,1.44323267068734,"diurnal","volant","nonfossorial","semiarboreal","good"
"388","Ficedula_hypoleuca","Ficedula_hypoleuca","Aves",0.289414487657085,-1.17839541615283,1.68155964878784,"diurnal","volant","nonfossorial","semiarboreal","good"
"389","Phoenicurus_phoenicurus","Phoenicurus_phoenicurus","Aves",-0.271360203433572,-1.16034485440864,1.5656801364732,"diurnal","volant","nonfossorial","semiarboreal","good"
"390","Oriolus_oriolus","Oriolus_oriolus","Aves",0.269896669733984,-0.540044103733165,0.928650670349009,"diurnal","volant","nonfossorial","arboreal","good"
"391","Parus_atricapillus","Parus_atricapillus","Aves",0.0126295821929263,-1.28496727019847,1.91267593396894,"diurnal","volant","nonfossorial","semiarboreal","good"
"392","Dendroica_coronata","Dendroica_coronata","Aves",-0.300154324607657,-1.23239431543944,1.47506665152203,"diurnal","volant","nonfossorial","arboreal","good"
"393","Dendroica_dominica","Dendroica_dominica","Aves",-1.01888866088359,-1.31056655544456,1.46779831604881,"diurnal","volant","nonfossorial","arboreal","good"
"394","Dendroica_palmarum","Dendroica_palmarum","Aves",-0.904336884032191,-1.28851690130005,1.43287989364473,"diurnal","volant","nonfossorial","semiarboreal","good"
"395","Dendroica_pinus","Dendroica_pinus","Aves",-0.271360203433572,-1.2385689811395,1.36846943267116,"diurnal","volant","nonfossorial","semiarboreal","good"
"396","Protonotaria_citrea","Protonotaria_citrea","Aves",-0.606554420861634,-1.16797247706519,1.41398125727393,"diurnal","volant","nonfossorial","semiarboreal","good"
"397","Vermivora_pinus","Vermivora_pinus","Aves",-0.453354372734646,-1.34218898615639,1.64786391896542,"diurnal","volant","nonfossorial","semiarboreal","good"
"398","Prunella_modularis","Prunella_modularis","Aves",0.764749314701679,-1.04106958243835,1.65100182991847,"diurnal","volant","nonfossorial","terrestrial","good"
"399","Regulus_regulus","Regulus_regulus","Aves",-0.818779525290659,-1.51239234659651,2.25681800807265,"diurnal","volant","nonfossorial","arboreal","good"
"400","Sturnus_vulgaris","Sturnus_vulgaris","Aves",0.904606088098323,-0.564064680812203,1.10070248118546,"diurnal","volant","nonfossorial","semiarboreal","good"
"401","Acrocephalus_arundinaceus","Acrocephalus_arundinaceus","Aves",-0.285685990278927,-0.895763796936726,1.10462957784153,"diurnal","volant","nonfossorial","semiarboreal","good"
"402","Acrocephalus_palustris","Acrocephalus_palustris","Aves",-0.329530184378419,-1.24803003516322,1.62273072683918,"diurnal","volant","nonfossorial","semiarboreal","good"
"403","Acrocephalus_schoenobaenus","Acrocephalus_schoenobaenus","Aves",-0.0594871279623244,-1.2385689811395,1.63206638607262,"diurnal","volant","nonfossorial","terrestrial","good"
"404","Hippolais_icterina","Hippolais_icterina","Aves",-0.188248691531134,-1.19737888405939,1.69976406469111,"diurnal","volant","nonfossorial","arboreal","good"
"405","Phylloscopus_collybita","Phylloscopus_collybita","Aves",-0.624617455668887,-1.36783082963722,1.69768632255886,"diurnal","volant","nonfossorial","semiarboreal","good"
"406","Phylloscopus_trochilus","Phylloscopus_trochilus","Aves",-0.0594871279623244,-1.35053898106384,1.65972322331488,"diurnal","volant","nonfossorial","semiarboreal","good"
"407","Sylvia_borin","Sylvia_borin","Aves",0.972825898191096,-0.968671488869085,1.49754913616084,"diurnal","volant","nonfossorial","arboreal","good"
"408","Sylvia_curruca","Sylvia_curruca","Aves",-0.453354372734646,-1.25123864910424,1.6214010219743,"diurnal","volant","nonfossorial","semiarboreal","good"
"409","Troglodytes_troglodytes","Troglodytes_troglodytes","Aves",-0.818779525290659,-1.3340245621386,1.87614198093113,"diurnal","volant","nonfossorial","terrestrial","good"
"410","Sialia_mexicana","Sialia_mexicana","Aves",-0.502649113898986,-0.941338750377536,1.40224214464241,"diurnal","volant","nonfossorial","terrestrial","good"
"411","Turdus_iliacus","Turdus_iliacus","Aves",0.617749939523555,-0.633837472532976,1.16951197195258,"diurnal","volant","nonfossorial","semiarboreal","good"
"412","Turdus_philomelos","Turdus_philomelos","Aves",0.530081684302417,-0.596211842173065,1.08813807293668,"diurnal","volant","nonfossorial","semiarboreal","good"
"413","Sayornis_phoebe","Sayornis_phoebe","Aves",-0.257174182590439,-1.05027768252421,1.44047492087993,"diurnal","volant","nonfossorial","arboreal","good"
"414","Zosterops_lateralis","Zosterops_lateralis","Aves",0.0813379041676665,-1.21156535550935,1.1870664862185,"diurnal","volant","nonfossorial","terrestrial","good"
"415","Melanerpes_formicivorus","Melanerpes_formicivorus","Aves",0.48841534910871,-0.536803140399824,0.939146774629376,"diurnal","volant","nonfossorial","arboreal","good"
"416","Diomedea_exulans","Diomedea_exulans","Aves",2.04005788964406,1.1098283474424,-0.596860704948932,"diurnal","volant","nonfossorial","aquatic","good"
"417","Macronectes_giganteus","Macronectes_giganteus","Aves",0.136214439530096,0.872901510135526,-0.473708944522914,"nocturnal","volant","nonfossorial","aquatic","good"
"418","Barnardius_zonarius","Barnardius_zonarius","Aves",0.546419559591883,-0.304482121684519,0.218049178852241,"diurnal","volant","nonfossorial","semiarboreal","good"
"419","Chordeiles_minor","Chordeiles_minor","Aves",-0.300154324607657,-0.53865161705916,0.38950305077036,"crepuscular","volant","nonfossorial","volant","good"
"420","Aegolius_acadicus","Aegolius_acadicus","Aves",0.513558147365813,-0.39294762347693,0.225019085736107,"nocturnal","volant","nonfossorial","volant","good"
"421","Asio_otus","Asio_otus","Aves",1.18654617560842,-0.117254106126974,-0.139677738248581,"nocturnal","volant","nonfossorial","volant","good"
"422","Strix_occidentalis","Strix_occidentalis","Aves",1.03218334804881,0.197835142907568,0.0946769055818421,"nocturnal","volant","nonfossorial","volant","good"
"423","Apteryx_australis","Apteryx_australis","Aves",1.52143268896105,0.74352891230764,-1.0248460227561,"nocturnal","nonvolant","nonfossorial","terrestrial","good"
"424","Struthio_camelus","Struthio_camelus","Aves",2.04005788964406,2.12269519265661,-2.11109443809566,"diurnal","nonvolant","nonfossorial","terrestrial","good"
"425","Phalacrocorax_auritus","Phalacrocorax_auritus","Aves",0.878983299921826,0.611886181004741,-0.0441249427049224,"diurnal","volant","nonfossorial","aquatic","good"
